video_id,playlist_id,playlist_title,position,item_published_at
--Zi_cn4kPE,PL4E7FAAD67B171EBC,MIT RES.6-006 Video Demonstrations in Lasers and Optics,37,2012-06-15T19:06:48Z
--lPz7VFnKI,PL590CCC2BC5AF3BC1,"MIT 18.01 Single Variable Calculus, Fall 2006",34,2009-09-09T19:10:07Z
-05tcR4izaw,PLUl4u3cNGP61RTZrT3MIAikp2G5EEvTjf,"MIT RES.9-003 Brains, Minds and Machines Summer Course, Summer 2015",16,2018-04-03T16:45:33Z
-0_vZ4t-q0I,PL64BDFBDA2AF24F7E,"MIT 18.03SC Differential Equations, Fall 2011",43,2012-01-04T22:22:59Z
-0pzpXHq_io,PLUl4u3cNGP60hI9ATjSFgLZpbNJ7myAg6,"MIT RES.6-012 Introduction to Probability, Spring 2018",138,2018-04-24T16:37:50Z
-1BnXEwHUok,PLUl4u3cNGP619EG1wp0kT-7rDE_Az5TNd,"MIT 6.0002 Introduction to Computational Thinking and Data Science, Fall 2016",3,2017-05-19T14:22:39Z
-2d9XooPwHo,PLUl4u3cNGP63Wy1oqQW2oD2HBdDSY8Ghi,"MIT 9.04 Sensory Systems, Fall 2013",17,2014-10-28T15:11:10Z
-3ixsZ7fBUI,PLUl4u3cNGP61V4W6yRm1Am5zI94m33dXk,"MIT CMS.611J Creating Video Games, Fall 2014",41,2015-12-10T20:42:46Z
-3tiysis4BM,PLF9071540F59BA1F0,MIT ESD.290 Special Topics in Supply Chain Management,5,2008-04-28T19:50:32Z
-4C9-OgKLCY,PLUl4u3cNGP615HAaYHGj9xugSAQay06Je,"MIT RES.2-006 Girls Who Build Cameras, Summer 2016",2,2020-08-10T18:11:20Z
-56G36H8BvY,PLUl4u3cNGP61o86bXQPx7oCAHDrkt316Y,"How We Teach: MIT 21G.107 Chinese I (Streamlined), Fall 2014",3,2016-02-10T19:59:42Z
-5XT0Mzl72E,PL61533C166E8B0028,MIT 14.01SC Principles of Microeconomics,6,2012-01-24T21:48:21Z
-630YTQEuCI,PLUl4u3cNGP60hI9ATjSFgLZpbNJ7myAg6,"MIT RES.6-012 Introduction to Probability, Spring 2018",10,2018-04-24T16:40:27Z
-63JXElqPaY,PLUl4u3cNGP60jIMmB53zl6awCKMnABhYx,"MIT 16.842 Fundamentals of Systems Engineering, Fall 2015",18,2017-08-10T16:17:43Z
-6A59LiKUss,PLUl4u3cNGP63quuKvMHCt3cmTmt0O2qpv,"MIT 14.12 Economic Applications of Game Theory, Fall 2025",15,2026-05-18T16:01:31Z
-7dYXCHtTFY,PLUl4u3cNGP62JKM25M14gy0qaHWx3QyjP,"MIT 15.031J Energy Decisions, Markets, Policies, Spring 2012",0,2013-03-29T15:06:17Z
-8kB7xIdKSM,PLUl4u3cNGP61g-yRbJz4ghFPJLiok1HxX,"MIT 3.020 Thermodynamics of Materials, Spring 2021",20,2023-10-23T13:54:27Z
-8mPXAsX3DY,PLUl4u3cNGP60cspQn3N9dYRPiyVWDd80G,"MIT 8.04 Quantum Physics I, Spring 2016",112,2017-07-05T16:20:40Z
-AHhHlk8AbI,PL3C69700955EB813B,"MIT 22.033 Nuclear Systems Design Project, Fall 2011",8,2012-07-24T19:05:18Z
-B96m5X2xCM,PL13CB8C2EDA4453ED,MIT 3.320 Atomistic Computer Modeling of Materials,5,2008-04-29T19:57:13Z
-BYC6cNSO78,PL75C727EA9F6A0E8B,MIT Nonlinear Finite Element Analysis,18,2011-06-13T20:14:48Z
-CASb3VeZRg,PLUl4u3cNGP63-t0r0aC3noJiIOmj33S_Q,"MIT 14.772 Development Economics: Macroeconomics, Spring 2013",7,2014-03-06T21:07:18Z
-CsEPYeSBsg,PL21BCE50ABFF029F1,MIT 18.01SC: Homework Help for Single Variable Calculus,20,2011-01-08T04:15:45Z
-Cve_SI6LQs,PLUl4u3cNGP62ihmDWYj4LMPMdHBHiPa_7,"MIT 24.912 Introduction to Black Studies, Spring 2017",6,2018-05-16T20:41:17Z
-D4GDdxJrpg,PLUl4u3cNGP63oTpyxCMLKt_JmB0WtSZfG,MIT Learn Differential Equations,50,2016-05-06T20:08:04Z
-DP1i2ZU9gk,PLUl4u3cNGP63WbdFxL8giv4yhgdMGaZNA,6.0001 Introduction to Computer Science and Programming in Python. Fall 2016,26,2017-02-15T14:25:51Z
-DwGrJ8JxDc,PLUl4u3cNGP61Oq3tWYp6V_F-5jb5L2iHb,"MIT 6.006 Introduction to Algorithms, Fall 2011",32,2013-01-14T20:26:39Z
-EQTVuAhSFY,PL8B24C31197EC371C,"MIT 6.046J / 18.410J Introduction to Algorithms (SMA 5503),",2,2009-01-07T17:54:07Z
-EgKluVR2Ug,PL7CF97E01FDE7C51A,"MIT 2.830J, Control of Manufacturing Processes S08",18,2009-10-01T03:57:20Z
-FElVPKykgw,PLUl4u3cNGP61Oq3tWYp6V_F-5jb5L2iHb,"MIT 6.006 Introduction to Algorithms, Fall 2011",33,2013-01-14T20:26:38Z
-FHm2pQmiSM,PLUl4u3cNGP61kdPAOC7CzFjJZ8f1eMUxs,"MIT 6.003 Signals and Systems, Fall 2011",0,2013-03-15T11:16:25Z
-Fd6JJ1Xkt4,PLUl4u3cNGP63YWzCDORR965yCmHiCKF9Z,"MIT CMS.608 Game Design, Spring 2014",17,2023-02-14T15:43:59Z
-GXIkn_ecKY,PLUl4u3cNGP6393Jj6WMmNd1_pOs0UDq2R,"How We Teach: MIT 8.13-14 Experimental Physics I & II “Junior Lab”, Fall 2016 - Spring 2017",2,2018-11-01T14:31:04Z
-G_d3A0x_0Y,PLUl4u3cNGP61Q_FSXJUGkDJs1SMj5teGq,"MIT 15.071 The Analytics Edge, Spring 2017",178,2018-12-13T18:17:42Z
-HJE0OYHTH4,PL7E7E396BF006E209,"MIT 3.60 Symmetry, Structure & Tensor Properties of Material",10,2008-04-30T15:41:50Z
-HPdmgS88Og,PLUl4u3cNGP63TbPEWYEKOq8yAN8mEP_5O,"MIT 9.20 Animal Behavior, Fall 2013",15,2023-10-19T12:44:26Z
-I-WA_kSkfA,PLUl4u3cNGP63Wy1oqQW2oD2HBdDSY8Ghi,"MIT 9.04 Sensory Systems, Fall 2013",12,2014-10-28T15:11:11Z
-I6-wJuPXk4,PLUl4u3cNGP62-9RweyYBIpkqfo5dfcuS8,"MIT 9.35 Perception, Spring 2024",9,2026-03-30T14:13:08Z
-IWKPe6X6Vs,PLUl4u3cNGP62AgynOGHPVHTgncwak-EuP,MIT STEM Concept Videos,37,2014-08-14T15:08:18Z
-J_xL4IGhJA,PLE18841CABEA24090,"MIT 6.001 Structure and Interpretation, 1986",0,2019-08-22T22:17:39Z
-JtATRj2EG4,PLUl4u3cNGP6393Jj6WMmNd1_pOs0UDq2R,"How We Teach: MIT 8.13-14 Experimental Physics I & II “Junior Lab”, Fall 2016 - Spring 2017",5,2018-11-01T14:32:39Z
-KUXPcs2Di4,PLUl4u3cNGP62In5JXH39ct5JtXja3VGJJ,"MIT RES.8-007 Cosmic Origin of the Chemical Elements, Fall 2019",2,2019-09-27T12:46:50Z
-Km2237G0P8,PLUl4u3cNGP60jIMmB53zl6awCKMnABhYx,"MIT 16.842 Fundamentals of Systems Engineering, Fall 2015",7,2017-08-10T16:17:42Z
-M8swpL-Ij8,PLUl4u3cNGP61qDex7XslwNJ-xxxEFzMNV,"MIT 8.01SC Classical Mechanics, Fall 2016",155,2017-06-02T18:10:05Z
-MI0b4h3rS0,PL590CCC2BC5AF3BC1,"MIT 18.01 Single Variable Calculus, Fall 2006",13,2009-04-15T06:18:22Z
-MJrb7xScbU,PLUl4u3cNGP62EJXwSgoVRfh1tEiSc01bh,"MIT RES.3-004 Visualizing Materials Science, Fall 2017",12,2019-05-17T18:45:04Z
-OQn43ZA2EM,PL687DF91F58142528,MIT 4.125 Architecture Studio: Building in Landscapes,10,2008-02-05T20:26:12Z
-OduZBd1aHw,PLUl4u3cNGP62WVs95MNq3dQBqY2vGOtQ2,"MIT 6.004 Computation Structures, Spring 2017",137,2019-07-12T18:35:57Z
-OeyjP2zri4,PLUl4u3cNGP63BZGNOqrF2qf_yxOjuG35j,"MIT 24.900 Introduction to Linguistics, Spring 2022",9,2023-01-27T14:46:19Z
-Op1GLwFuV4,PLUl4u3cNGP63EUNfnwrkgO2xxwYxNwRdI,"MIT 15.393 Nuts and Bolts of New Ventures, IAP 2025",5,2026-03-23T14:15:23Z
-P2opzekpX8,PLUl4u3cNGP61AV6bhf4mB3tCyWQrI_uU5,"MIT 8.323 Relativistic Quantum Field Theory I, Spring 2023",2,2024-02-12T16:59:26Z
-PGcTRLh1u4,PLF07555F3CC669D01,MIT 18.02SC: Homework Help for Multivariable Calculus,58,2011-01-04T05:20:44Z
-Pg11JHzUTo,PLUl4u3cNGP63BZGNOqrF2qf_yxOjuG35j,"MIT 24.900 Introduction to Linguistics, Spring 2022",6,2023-01-27T14:46:04Z
-PlloFeJ-ww,PLUl4u3cNGP63bAfjGas3TuA4ZCPUtN6Xf,"MIT STS.042J Einstein, Oppenheimer, Feynman: Physics In The 20th Century, Fall 2020",22,2023-08-22T15:44:40Z
-QVENB3aEvY,PLUl4u3cNGP62esZEwffjMAsEMW_YArxYC,"MIT 2.003SC Engineering Dynamics, Fall 2011",22,2013-09-03T22:20:18Z
-QcPo_DWJk4,PLUl4u3cNGP6317WaSNfmCvGym2ucw3oGp,"MIT 6.046J Design and Analysis of Algorithms, Spring 2015",16,2016-03-04T22:12:30Z
-RRYZ-b9NpI,PL58F1D0056F04CF8C,"MIT 6.832 Underactuated Robotics, Spring 2009",1,2010-07-15T03:43:37Z
-RqKDpeILyU,PLUl4u3cNGP62WVs95MNq3dQBqY2vGOtQ2,"MIT 6.004 Computation Structures, Spring 2017",131,2019-07-12T18:35:51Z
-S5GwNe0xXg,PL3B08AE665AB9002A,MIT Calculus Revisited: Single Variable Calculus,16,2011-05-06T02:29:48Z
-SHXUwpVgXU,PLUl4u3cNGP61V4W6yRm1Am5zI94m33dXk,"MIT CMS.611J Creating Video Games, Fall 2014",9,2015-12-10T20:42:44Z
-SUNntP3dWo,PLUl4u3cNGP62ihmDWYj4LMPMdHBHiPa_7,"MIT 24.912 Introduction to Black Studies, Spring 2017",10,2018-05-16T20:41:18Z
-T34yGp4T7A,PLUl4u3cNGP60hI9ATjSFgLZpbNJ7myAg6,"MIT RES.6-012 Introduction to Probability, Spring 2018",135,2018-04-24T16:40:28Z
-U3-idg31L4,PLUl4u3cNGP63EUNfnwrkgO2xxwYxNwRdI,"MIT 15.393 Nuts and Bolts of New Ventures, IAP 2025",10,2026-03-23T14:15:07Z
-UJgxLaFzfM,PLUl4u3cNGP62K9_7Pg26ytrAOXwXFpN43,"MIT 18.156 Projection Theory, Spring 2025",6,2025-11-03T14:46:10Z
-UdkFmZwUqA,PLUl4u3cNGP61w7rvtOxX_3LCvfB9RqzQm,"MIT 18.821 Project Laboratory in Mathematics, Spring 2013",3,2014-01-30T22:11:12Z
-UgQEHHXTRM,PLUl4u3cNGP60cspQn3N9dYRPiyVWDd80G,"MIT 8.04 Quantum Physics I, Spring 2016",17,2017-07-31T19:53:45Z
-W8jzpw_TgE,PLUl4u3cNGP61kz4wAgG77DjRf5bXhLJNv,"How We Teach: MIT 21G.503 Japanese III, Fall 2016",10,2018-01-18T21:00:22Z
-WIAoAG4SyA,PLUl4u3cNGP60Do91PdN978llIsvjKW0au,"MIT 8.701 Introduction to Nuclear and Particle Physics, Fall 2020",0,2021-06-25T14:42:24Z
-WapZQ_LwFM,PLUl4u3cNGP62JKM25M14gy0qaHWx3QyjP,"MIT 15.031J Energy Decisions, Markets, Policies, Spring 2012",7,2013-03-29T15:06:17Z
-XGDKoWi0Zg,PLUl4u3cNGP62xkEY0YzLJSoquVBjPOl9S,"MIT 14.271 Industrial Organization I, Fall 2022",21,2024-09-27T13:38:45Z
-XKsFKIGjZ0,PLUl4u3cNGP60AdemEHcrL_HHdZA9QRCwQ,MIT Lean Enterprise en Español (RES.16-001),1,2014-08-11T13:50:45Z
-XivhU1V6KY,PLUl4u3cNGP6393Jj6WMmNd1_pOs0UDq2R,"How We Teach: MIT 8.13-14 Experimental Physics I & II “Junior Lab”, Fall 2016 - Spring 2017",10,2018-11-01T14:34:11Z
-Xwla4ZbWe8,PLUl4u3cNGP62xuxL4CQpy8uo2MeM4a3YD,"MIT 6.849 Geometric Folding Algorithms, Fall 2012",32,2014-08-26T13:24:19Z
-Y8pOF1AgUY,PLUl4u3cNGP63vgoqGQDciPo6V5TPI0u9r,How We Teach: 5.111SC Principles of Chemical Science,2,2017-08-03T20:53:31Z
-Yt7LQ4k1IU,PLUl4u3cNGP62-vPzt_GMdZRflJPjNdspG,"MIT RES.10-S95 Physics of COVID-19 Transmission, Fall 2020",17,2021-04-08T14:30:55Z
-Z35m38qLd4,PLUl4u3cNGP60V7HxLYRaJMbFzP77bzEjb,"MIT 14.01 Principles of Microeconomics, Fall 2023",8,2025-04-02T14:41:58Z
-Zg3fxOmjVs,PLUl4u3cNGP62WVs95MNq3dQBqY2vGOtQ2,"MIT 6.004 Computation Structures, Spring 2017",101,2019-07-12T18:35:56Z
-agCn_nWztQ,PLF706B428FB7BD52C,"MIT 18.085 Computational Science & Engineering I, Fall 2008",2,2009-02-25T04:16:03Z
-b0dFcebPcs,PLUl4u3cNGP61qDex7XslwNJ-xxxEFzMNV,"MIT 8.01SC Classical Mechanics, Fall 2016",92,2017-06-02T18:10:46Z
-bWtembpQjU,PLUl4u3cNGP62WVs95MNq3dQBqY2vGOtQ2,"MIT 6.004 Computation Structures, Spring 2017",95,2019-07-12T18:35:56Z
-bbZA_s0hR0,PL393CDB1EF90EADFA,"MIT 21L.011 The Film Experience, Fall 2007",2,2012-10-06T04:57:03Z
-c-X8zk0ywo,PL2902385153144A26,"MIT 5.111 Principles of Chemical Science, Fall 2008",0,2009-07-01T20:29:34Z
-cK1og4ElKE,PL44ABC9278E2EE706,"MIT 9.00SC Introduction to Psychology, Fall 2011",3,2012-05-01T18:55:57Z
-cZPoqnRZq4,PLUl4u3cNGP63UUkfL0onkxF6MYgVa04Fn,"MIT 15.S12 Blockchain and Money, Fall 2018",19,2020-01-23T15:50:44Z
-dAgY_AMqGk,PLUl4u3cNGP61YF5HCMnGUwJ8D-PNNs3OR,"MIT ESD.932 Engineering Ethics, Spring 2006",6,2022-06-06T15:53:10Z
-dOX_4lI6HY,PLUl4u3cNGP63cUdAG3v311Vl72ozOiK25,"MIT 16.687 Private Pilot Ground School, IAP 2019",12,2020-04-27T15:52:29Z
-eA2D_rIcNA,PL221E2BBF13BECF6C,"MIT 18.06SC Linear Algebra, Fall 2011",11,2018-07-25T17:56:44Z
-eC0-5mXHQg,PLUl4u3cNGP63URZnh5iqBzDTDYPUTQT-8,"MIT 6.7960 Deep Learning, Fall 2024",12,2026-02-11T14:39:44Z
-fCLJ1pGht4,PL58F1D0056F04CF8C,"MIT 6.832 Underactuated Robotics, Spring 2009",10,2010-07-15T03:39:35Z
-fD51fZvZH8,PL858478F1EC364A2C,MIT Exploring Black Holes: General Relativity & Astrophysics,4,2008-05-21T15:23:50Z
-fhWuEt5yKc,PLUl4u3cNGP62AgynOGHPVHTgncwak-EuP,MIT STEM Concept Videos,40,2014-08-14T15:06:43Z
-gFz4HL_uhA,PLUl4u3cNGP615Y1j9Ok3szAH5DxhFjTHo,"MIT 9.00 Introduction To Psychology, Fall 2004",7,2023-09-18T16:01:21Z
-gRXU-O1FY4,PL9F74AFA03AA06A11,"MIT 6.002 Circuits and Electronics, Spring 2007",16,2008-01-16T20:52:53Z
-hgRkC_uUzU,PLUl4u3cNGP60Do91PdN978llIsvjKW0au,"MIT 8.701 Introduction to Nuclear and Particle Physics, Fall 2020",42,2021-06-24T17:10:23Z
-htdFMTbPvg,PLUl4u3cNGP62M6ani90GCD9-KTYNYq3V1,From MIT Open Learning and OCW,3,2022-12-21T13:21:52Z
-j7MoM3P_J8,PLUl4u3cNGP60UlabZBeeqOuoLuj_KNphQ,"MIT 6.042J Mathematics for Computer Science, Spring 2015",108,2016-09-12T18:13:08Z
-jJz5OMmuP0,PLUl4u3cNGP63LOmB3_O0xbgZVZibxj4rb,"MIT 5.111 Principles of Chemical Science, Fall 2014",6,2017-08-03T20:52:22Z
-jjUoTiaSHw,PLUl4u3cNGP63WbdFxL8giv4yhgdMGaZNA,6.0001 Introduction to Computer Science and Programming in Python. Fall 2016,11,2017-02-15T14:26:27Z
-k8WU-KB0rk,PLUl4u3cNGP60hI9ATjSFgLZpbNJ7myAg6,"MIT RES.6-012 Introduction to Probability, Spring 2018",40,2018-04-24T16:40:27Z
-kD4LUyVmQ0,PL74058E54264993C8,"Electromagnetic Fields & Energy, Textbook Components w Video",33,2012-06-25T16:31:42Z
-l9SfGuZJYE,PLUl4u3cNGP63ZhyqhOGKbSBzcOovEbb6y,"MIT 5.310 Laboratory Chemistry, Fall 2019",5,2021-05-18T16:13:21Z
-m9khFwO970,PLUl4u3cNGP61wK-NwYKZMuABl_eHBmhu4,"MIT 22.67J Principles of Plasma Diagnostics, Fall 2023",22,2024-08-20T22:20:58Z
-mW-DYFyGqg,PLUl4u3cNGP61Q_FSXJUGkDJs1SMj5teGq,"MIT 15.071 The Analytics Edge, Spring 2017",1,2018-12-13T18:21:59Z
-mrxN8XcQOQ,PLUl4u3cNGP633VWvZh23bP6dG80gW34SU,"MIT 8.821 String Theory and Holographic Duality, Fall 2014",14,2016-03-02T21:23:45Z
-n0cXgPSwOw,PLUl4u3cNGP63pfpS1gV5P9tDxxL_e4W8O,"MIT 6.801 Machine Vision, Fall 2020",20,2022-06-08T20:07:38Z
-nAt3BJQ2xY,PLUl4u3cNGP62-vPzt_GMdZRflJPjNdspG,"MIT RES.10-S95 Physics of COVID-19 Transmission, Fall 2020",47,2021-04-08T14:30:55Z
-pMowqywuIY,PLUl4u3cNGP60Zcz8LnCDFI8RPqRhJbb4L,"MIT 8.06 Quantum Physics III, Spring 2018",2,2019-02-14T14:52:35Z
-pb3z2w9gDg,PLUl4u3cNGP61E-vNcDV0w5xpsIBYNJDkU,"MIT 6.868J The Society of Mind, Fall 2011",0,2014-03-04T19:17:29Z
-pr1TLyPyDw,PLF07555F3CC669D01,MIT 18.02SC: Homework Help for Multivariable Calculus,34,2011-01-04T05:17:53Z
-qCEoqpwjf4,PLUl4u3cNGP60A3XMwZ5sep719_nh95qOe,"MIT 6.041SC Probabilistic Systems Analysis and Applied Probability, Fall 2013",19,2012-11-09T19:49:13Z
-qCEoqpwjf4,PLUl4u3cNGP61MdtwGTqZA0MreSaDybji8,6.041 Probabilistic Systems Analysis and Applied Probability,5,2012-11-09T19:49:13Z
-qwVo9RrMl4,PLUl4u3cNGP61q4qJ1vdkBbiWn3AF1q5SQ,“Why This Matters” Moments: Highlights from 3.091 Intro to Solid-State Chemistry,18,2020-12-07T20:48:52Z
-r0hWGcNLSI,PLUl4u3cNGP62UTc77mJoubhDELSC8lfR0,"MIT 6.622 Power Electronics, Spring 2023",3,2024-07-17T16:25:35Z
-sfaHVFWBU8,PLUl4u3cNGP63micsJp_--fRAjZXPrQzW_,"MIT 18.102 Introduction to Functional Analysis, Spring 2021",21,2022-11-17T15:00:12Z
-to-7OIJyQ0,PLUl4u3cNGP629Egng0HfgRJfXBNTPw1le,"MIT OLL: Getting up to Speed in Biology, Summer 2020",5,2020-08-21T14:16:28Z
-uEwMV9DHZo,PLB3953F4F875AB0B3,"MIT 5.112 Principles of Chemical Science, Fall 2005",19,2008-02-14T19:01:31Z
-wDIDaTtRwU,PLUl4u3cNGP61g-yRbJz4ghFPJLiok1HxX,"MIT 3.020 Thermodynamics of Materials, Spring 2021",14,2023-10-23T13:53:57Z
-wyc5FwzkcM,PLUl4u3cNGP62A-ynp6v6-LGBCzeH3VAQB,"MIT 6.100L Introduction to CS and Programming using Python, Fall 2022",19,2024-04-11T14:01:32Z
-wz4iU2V-Yo,PLUl4u3cNGP63WbdFxL8giv4yhgdMGaZNA,6.0001 Introduction to Computer Science and Programming in Python. Fall 2016,24,2017-02-15T14:26:27Z
-xJjrPmguxI,PL97C9F1933E17AB45,"MIT 5.111 Principles of Chemical Science, Fall 2005",24,2008-01-18T22:48:26Z
-yIKKST-_Mw,PLUl4u3cNGP61Bf9I0WDDriuDqEnywoxra,"MIT 8.286 The Early Universe, Fall 2013",13,2014-07-01T19:23:36Z
-yfdG4BRFBY,PLUl4u3cNGP61PvFQDWp8FW_1iMgBf6LCY,"MIT 20.219 Becoming the Next Bill Nye: Writing and Hosting the Educational Show, IAP 2015",0,2016-03-16T05:01:52Z
-yo3YxfY47g,PLUl4u3cNGP60UlabZBeeqOuoLuj_KNphQ,"MIT 6.042J Mathematics for Computer Science, Spring 2015",104,2016-09-12T18:13:20Z
00ERnGKqzrQ,PL51CACD5B1F58C40C,"MIT 18.085 Computational Science & Engineering I, Fall 2007",19,2008-05-19T20:46:54Z
00KTZ7t_rWw,PLUl4u3cNGP62WVs95MNq3dQBqY2vGOtQ2,"MIT 6.004 Computation Structures, Spring 2017",100,2019-07-12T18:35:56Z
00LNy0Q_i6c,PL9F0B2048DA4690AF,"MIT 7.012 Introduction to Biology, Fall 2004",12,2008-01-31T19:18:24Z
00PK6cUCbnU,PLUl4u3cNGP63HkEHvYaNJiO0UCUmY0Ts7,"MIT 8.334 Statistical Mechanics II, Spring 2014",8,2015-05-14T17:00:47Z
00krscK7iBA,PLUl4u3cNGP60hI9ATjSFgLZpbNJ7myAg6,"MIT RES.6-012 Introduction to Probability, Spring 2018",206,2018-04-24T16:27:30Z
02NyrrxEGqM,PLUl4u3cNGP61PvFQDWp8FW_1iMgBf6LCY,"MIT 20.219 Becoming the Next Bill Nye: Writing and Hosting the Educational Show, IAP 2015",14,2016-03-02T15:05:32Z
02wEjlKtxKw,PLUl4u3cNGP61IMhYaHL_x-RzNUIDJD9XK,"MIT 6.774 Physics of Microfabrication: Front End Processing, Fall 2004",10,2024-06-26T12:58:49Z
03CJMrAP4vc,PLUl4u3cNGP62GsvB-6EwEE0F0frXtyhYq,"MIT ES.S41 Speak Italian With Your Mouth Full, Spring 2012",4,2013-08-13T18:13:31Z
03bVGr-vYHQ,PLUl4u3cNGP63OI3pSKo8Ha_DFBMxm23xO,"MIT 8.591J Systems Biology, Fall 2014",8,2015-07-28T17:37:20Z
046HoQGN5F4,PLUl4u3cNGP63vvR4xtexZdoPywRYIZI0-,"MIT 5.08J Biological Chemistry II, Spring 2016",23,2019-08-01T17:36:12Z
047B4UrEaNw,PLUl4u3cNGP61VNvICqk2HXJTonnKgAc9d,"MIT 6.1200J Mathematics for Computer Science,  Spring 2024",22,2025-07-22T14:44:16Z
05DWB1NzozM,PLUl4u3cNGP61Q_FSXJUGkDJs1SMj5teGq,"MIT 15.071 The Analytics Edge, Spring 2017",182,2018-12-13T18:17:41Z
080BGpawP3I,PLUl4u3cNGP60xwJdwhP6Ado1IbQjvLsPD,"MIT 7.013 Introductory Biology, Spring 2011",1,2014-01-15T15:54:54Z
08Ih9GGB5-c,PLUl4u3cNGP61Q_FSXJUGkDJs1SMj5teGq,"MIT 15.071 The Analytics Edge, Spring 2017",5,2018-12-13T18:20:17Z
09mb78oiPkA,PLUl4u3cNGP63gFHB6xb-kVBiQHYe_4hSi,"MIT 6.034 Artificial Intelligence, Fall 2010",9,2014-01-10T19:41:00Z
0_w-R_g5lRA,PLUl4u3cNGP61O7HkcF7UImpM0cR_L2gSw,"MIT 18.100A Real Analysis, Fall 2020",9,2022-06-21T14:39:11Z
_-gQchCLmXk,PLUl4u3cNGP613PJMNmRjAIdBr76goU1V5,"MIT HST.512 Genomic Medicine, Spring 2004",8,2023-04-03T15:38:55Z
_09ziyzbinY,PLUl4u3cNGP63quuKvMHCt3cmTmt0O2qpv,"MIT 14.12 Economic Applications of Game Theory, Fall 2025",8,2026-05-18T16:01:26Z
_0LtZx6epcg,PL502E7BF2CF94D753,"MIT 6.013 Electromagnetics and Applications, Fall 2005",20,2008-04-10T18:45:47Z
_0PrwAbgoMA,PLUl4u3cNGP61qDex7XslwNJ-xxxEFzMNV,"MIT 8.01SC Classical Mechanics, Fall 2016",59,2017-06-02T18:10:14Z
_3WDzxt5p8c,PLUl4u3cNGP60UlabZBeeqOuoLuj_KNphQ,"MIT 6.042J Mathematics for Computer Science, Spring 2015",10,2016-09-12T18:13:20Z
_3lU2LDQdUU,PLUl4u3cNGP60Ir_IGI7XgyzJ_fy06n6AP,"MIT RES.3-002 Collaborative Design & Creative Expression, IAP17",3,2017-11-07T21:58:25Z
_40zvhkmtM8,PLD2AE32F507F10481,MIT 6.172 Performance Engineering of Software Systems,12,2011-11-18T06:44:33Z
_4m8hYQ3cR0,PLUl4u3cNGP62Ie7F_tTAhhXoX5_Cl8meG,"MIT 18.100B Real Analysis, Spring 2025",21,2025-09-02T14:18:00Z
_4u9W1xOuts,PLUl4u3cNGP62Bkdzwe7caTZC7soj7ZYvk,"MIT 16.412J Cognitive Robotics, Spring 2016",0,2018-10-26T14:42:29Z
_5fpxkVFQUw,PLF07555F3CC669D01,MIT 18.02SC: Homework Help for Multivariable Calculus,62,2011-01-04T05:22:18Z
_62YvNU_yOM,PLUl4u3cNGP62-sHzh435NhKGnwOkPYk36,"MIT 24.908 Creole Language and Caribbean Identities, Spring 2017",34,2018-12-07T20:22:25Z
_75zfIar62c,PLUl4u3cNGP633VWvZh23bP6dG80gW34SU,"MIT 8.821 String Theory and Holographic Duality, Fall 2014",23,2016-03-02T21:23:47Z
_7JPHNCT1Qo,PLUl4u3cNGP61qDex7XslwNJ-xxxEFzMNV,"MIT 8.01SC Classical Mechanics, Fall 2016",136,2017-06-02T18:10:14Z
_7qq1JYj2kM,PL2AD004D035C24F21,"MIT 6.450 Principles of Digital Communications, I Fall 2006",10,2009-04-29T17:29:19Z
_7vVBtiVXIw,PL21BCE50ABFF029F1,MIT 18.01SC: Homework Help for Single Variable Calculus,43,2011-01-08T04:37:19Z
_85xTt0cU3s,PLUl4u3cNGP60Zcz8LnCDFI8RPqRhJbb4L,"MIT 8.06 Quantum Physics III, Spring 2018",7,2019-02-14T14:54:41Z
_8TPfNfgH0I,PLEA084AC2DD3CEC09,"MIT 2.71 Optics, Spring 2009",27,2011-03-17T19:31:38Z
_AWFPw0Hu-Y,PLUl4u3cNGP62sv7_wYRKqvf1HsL4p54Kj,"MIT 2.997 Direct Solar/Thermal To Electrical Energy Conversion Technologies, Fall 2009",1,2024-06-26T12:50:25Z
_CTZDDFaE5A,PL13CB8C2EDA4453ED,MIT 3.320 Atomistic Computer Modeling of Materials,10,2008-04-29T20:00:34Z
_CUXbDB0bUU,PLUl4u3cNGP61Iarlv9eLlXmTMybRZR1-1,"MIT RES.15-003 Shaping the Future of Work, Spring 2016",22,2017-03-07T21:19:04Z
_CdoRiNSrqI,PL4C4C8A7D06566F38,"MIT 18.02 Multivariable Calculus, Fall 2007",22,2009-01-27T20:33:05Z
_CovlKXmuWo,PL9F0B2048DA4690AF,"MIT 7.012 Introduction to Biology, Fall 2004",1,2008-01-17T22:34:28Z
_DHlhTrlDxc,PLUl4u3cNGP63jpW5Wg3MpmJIei_PCS_03,"MIT 2.57 Nano-to-Micro Transport Processes, Spring 2012",11,2013-01-16T18:44:15Z
_DbUa8w0W74,PLUl4u3cNGP61gxUNrwFXIyIKheQEPqSMc,How We Teach: MIT 6.811 Principles and Practice of Assistive Technology,3,2016-01-04T21:58:04Z
_EtlZAMQ2gc,PLUl4u3cNGP61Q_FSXJUGkDJs1SMj5teGq,"MIT 15.071 The Analytics Edge, Spring 2017",148,2018-12-13T18:15:31Z
_FATUw506mE,PLUl4u3cNGP63oTpyxCMLKt_JmB0WtSZfG,MIT Learn Differential Equations,12,2016-05-06T20:08:33Z
_FTcvxwOFwA,PLUl4u3cNGP62xkEY0YzLJSoquVBjPOl9S,"MIT 14.271 Industrial Organization I, Fall 2022",10,2024-09-27T13:38:18Z
_FTwuE36SUA,PLUl4u3cNGP62AU7iNniqVoMl8C64tIOVk,"MIT 1.258J Public Transportation Systems, Spring 2017",10,2019-05-11T05:02:19Z
_FXukyeNEFQ,PLUl4u3cNGP6262ZsDa1WLEEO2wDck58CB,"MIT 6.S079 Nanomaker, Spring 2013",2,2013-11-15T17:29:13Z
_Fo3Jq1blKk,PL64BDFBDA2AF24F7E,"MIT 18.03SC Differential Equations, Fall 2011",56,2012-01-04T22:42:05Z
_FtXi0_ZMvk,PLUl4u3cNGP62Mr5APSizHgFa0hRiWgPln,"MIT Kanji Learning Any Time, Any Place For Japanese V, Spring 2022",0,2023-03-15T19:42:09Z
_GRVq26jIHs,PLUl4u3cNGP61gaHWysmlYNeGsuUI8y5GV,"MIT HST.508 Genomics and Computational Biology, Fall 2002",3,2022-08-22T14:41:13Z
_GgdGtQME1I,PLUl4u3cNGP6083Y-NElqTRAgKtXQxgD3g,"MIT 15.S50 How to Win at Texas Hold 'Em, IAP 2016",3,2017-07-26T21:11:42Z
_GmzGci0Cpw,PLUl4u3cNGP62In5JXH39ct5JtXja3VGJJ,"MIT RES.8-007 Cosmic Origin of the Chemical Elements, Fall 2019",6,2019-09-27T12:46:50Z
_HL7qwWvON4,PLUl4u3cNGP60hI9ATjSFgLZpbNJ7myAg6,"MIT RES.6-012 Introduction to Probability, Spring 2018",171,2018-04-24T16:33:45Z
_HRTdXJgZ0Q,PLUl4u3cNGP61O7HkcF7UImpM0cR_L2gSw,"MIT 18.100A Real Analysis, Fall 2020",22,2022-06-21T14:39:30Z
_HpMRwM6tAQ,PLUl4u3cNGP63Dkl0BJwHaytUoOCnJx30D,MIT 11.601 Introduction to Environmental Policy and Planning,11,2017-08-17T18:39:57Z
_IDgYAGKyuo,PLEEF5322B331C1B98,"MIT 6.262 Discrete Stochastic Processes, Spring 2011",17,2012-06-29T19:44:58Z
_IFUfFuyQlU,PLUl4u3cNGP63ctJIEC1UnZ0btsphnnoHR,MIT 18.S096 Topics in Mathematics w Applications in Finance,9,2015-01-06T18:18:56Z
_IX_9ajyOxI,PLUl4u3cNGP60hI9ATjSFgLZpbNJ7myAg6,"MIT RES.6-012 Introduction to Probability, Spring 2018",228,2018-04-24T16:33:45Z
_JGetImYLis,PLUl4u3cNGP61Q_FSXJUGkDJs1SMj5teGq,"MIT 15.071 The Analytics Edge, Spring 2017",110,2018-12-13T18:15:31Z
_JXPe2J069c,PL590CCC2BC5AF3BC1,"MIT 18.01 Single Variable Calculus, Fall 2006",18,2009-08-12T22:24:46Z
_KbfL3lVgag,PL8157CA8884571BA2,"MIT RES.6-008 Digital Signal Processing, 1975",11,2011-12-07T00:28:46Z
_L315IjxyUM,PLUl4u3cNGP61Q_FSXJUGkDJs1SMj5teGq,"MIT 15.071 The Analytics Edge, Spring 2017",99,2018-12-13T18:19:18Z
_LJnCFFyF-M,PLUl4u3cNGP63Z979ri_UXXk_1zrvrF77Q,"MIT 14.13 Psychology and Economics, Spring 2020",22,2021-09-27T21:21:37Z
_MohGTvxaRk,PLUl4u3cNGP63FBm4EY4n6fh8dcUAnetzi,MIT 15.371/10.807/2.907 Innovation Teams Fall 2024,3,2025-09-29T15:17:02Z
_NYsYuzMLs0,PLUl4u3cNGP61VNvICqk2HXJTonnKgAc9d,"MIT 6.1200J Mathematics for Computer Science,  Spring 2024",1,2025-07-22T14:44:36Z
_NvBNFDldV4,PLUl4u3cNGP61_JVg12Ukxft03EJ7xxdbR,"MIT CMS.608 / CMS.864 Game Design, Fall 2010",1,2025-09-16T16:56:07Z
_OZXEb8FxZQ,PLUl4u3cNGP60Zcz8LnCDFI8RPqRhJbb4L,"MIT 8.06 Quantum Physics III, Spring 2018",0,2019-02-14T15:57:30Z
_OcgtpQvrVs,PLUl4u3cNGP62xuxL4CQpy8uo2MeM4a3YD,"MIT 6.849 Geometric Folding Algorithms, Fall 2012",16,2014-08-26T13:23:59Z
_OkTw766oCs,PLUl4u3cNGP62oJSoqb4Rf-vZMGUBe59G-,"MIT 14.01 Principles of Microeconomics, Fall 2018",0,2020-07-16T23:07:11Z
_P1vVyKziWk,PLUl4u3cNGP62F1epa3rqtROtvvpmljro3,"MIT 21M.355 Musical Improvisation, Spring 2013",9,2014-07-02T00:57:48Z
_Pdlr0jOhbQ,PLUl4u3cNGP62-9RweyYBIpkqfo5dfcuS8,"MIT 9.35 Perception, Spring 2024",4,2026-03-30T14:13:33Z
_PmJoExiSPo,PLA62087102CC93765,"MIT 5.60 Thermodynamics & Kinetics, Spring 2008",16,2008-12-12T21:54:25Z
_PpVlwIeYpg,PLUl4u3cNGP62KS2YhlASvGBxxL8HgB11p,"MIT 14.41 Public Finance and Public Policy, Fall 2024",17,2026-02-04T19:33:04Z
_PwhiWxHK8o,PLUl4u3cNGP63gFHB6xb-kVBiQHYe_4hSi,"MIT 6.034 Artificial Intelligence, Fall 2010",16,2014-01-10T19:37:31Z
_QnAUd-em3E,PLB2BE3D6CA77BB8F7,MIT 6.00SC Introduction to Computer Science and Programming,32,2012-03-02T20:57:57Z
_RIqn1c_BY8,PLUl4u3cNGP63kMaprSQU5oMSj-YuWeoWA,"MIT SP.775 D-Lab: Energy, Spring 2011",6,2013-03-19T15:45:50Z
_Rcd-NZwoi4,PLUl4u3cNGP63vvR4xtexZdoPywRYIZI0-,"MIT 5.08J Biological Chemistry II, Spring 2016",18,2019-08-01T17:36:12Z
_RqqzyWDVMA,PLUl4u3cNGP60UlabZBeeqOuoLuj_KNphQ,"MIT 6.042J Mathematics for Computer Science, Spring 2015",60,2016-09-12T18:13:20Z
_RyRYO4v24w,PLUl4u3cNGP61kvh3caDts2R6LmkYbmzaG,"MIT 14.771 Development Economics, Fall 2021",19,2023-04-05T20:02:23Z
_S1CREXGfvE,PLUl4u3cNGP61Zc3rR6wVM0kpsiyIq0fk8,"MIT 8.20 Introduction to Special Relativity, January IAP 2021",1,2021-11-08T16:20:34Z
_SxMjq1_RrI,PLUl4u3cNGP62F1epa3rqtROtvvpmljro3,"MIT 21M.355 Musical Improvisation, Spring 2013",2,2014-07-02T00:58:30Z
_TEMQhpsGFg,PLUl4u3cNGP62RsEHXe48Imi9-87FzQaJg,"MIT 5.61 Physical Chemistry, Fall 2017",1,2019-01-09T16:23:05Z
_TdJBLu6hPc,PL9F0B2048DA4690AF,"MIT 7.012 Introduction to Biology, Fall 2004",14,2008-01-31T19:13:50Z
_U6YamvF7BE,PLUl4u3cNGP63LOmB3_O0xbgZVZibxj4rb,"MIT 5.111 Principles of Chemical Science, Fall 2014",2,2017-08-03T20:52:21Z
_UBh66KVAJI,PL21BCE50ABFF029F1,MIT 18.01SC: Homework Help for Single Variable Calculus,49,2011-01-08T04:26:46Z
_WSXIj-goO4,PLUl4u3cNGP62KS2YhlASvGBxxL8HgB11p,"MIT 14.41 Public Finance and Public Policy, Fall 2024",22,2026-02-04T19:32:50Z
_WV4JlBOQro,PL41692B571DD0AF9B,"MIT RES.6.007 Signals and Systems, 1987",16,2011-08-23T19:47:12Z
_WwudFI6YRs,PLUl4u3cNGP60Zcz8LnCDFI8RPqRhJbb4L,"MIT 8.06 Quantum Physics III, Spring 2018",35,2019-02-14T14:54:42Z
_XDm2cxC-UU,PLUl4u3cNGP60cspQn3N9dYRPiyVWDd80G,"MIT 8.04 Quantum Physics I, Spring 2016",100,2017-07-05T16:19:54Z
_XM0CRvaWq0,PLUl4u3cNGP63quuKvMHCt3cmTmt0O2qpv,"MIT 14.12 Economic Applications of Game Theory, Fall 2025",11,2026-05-18T16:01:49Z
_XTuXlXav78,PLUl4u3cNGP63Wy1oqQW2oD2HBdDSY8Ghi,"MIT 9.04 Sensory Systems, Fall 2013",4,2014-10-28T15:11:09Z
_Y-G8sTTYsg,PLUl4u3cNGP63YwKIMA9K08FFvdeBEl6Lo,Chalk Radio® Podcast,29,2023-01-11T09:00:31Z
_YVcjNmjHik,PLEC88901EBADDD980,"MIT 18.03 Differential Equations,  Spring 2006",21,2008-01-17T21:14:11Z
_Ycy0Dy-B1c,PLUl4u3cNGP63UUkfL0onkxF6MYgVa04Fn,"MIT 15.S12 Blockchain and Money, Fall 2018",13,2020-01-23T15:50:44Z
_YpkKYmQBwY,PLB3953F4F875AB0B3,"MIT 5.112 Principles of Chemical Science, Fall 2005",23,2008-02-14T19:16:47Z
_ZG2U_lfc1Q,PLUl4u3cNGP60DHnW0T9njV2tNlcns2Feb,"MIT Indian Institutes of Technology Joint Entrance Exam Preparation, Fall 2016",1,2017-01-19T17:40:12Z
_ZVnrpjI_VU,PLUl4u3cNGP60ZaGv5SgpIk67YnH1WqCLI,"MIT RES.3-003 Learn to Build Your Own Videogame with the Unity Game Engine and Microsoft Kinect, IAP 2017",6,2017-10-13T19:08:15Z
_ZZ6jwuBJxc,PLUl4u3cNGP63vgoqGQDciPo6V5TPI0u9r,How We Teach: 5.111SC Principles of Chemical Science,3,2017-08-03T20:53:32Z
__NxbJzEMCU,PL1C22D4DED943EF7B,MIT Calculus Revisited: Multivariable Calculus,14,2012-03-12T10:34:02Z
__T3eJtjoic,PLUl4u3cNGP60hI9ATjSFgLZpbNJ7myAg6,"MIT RES.6-012 Introduction to Probability, Spring 2018",2,2018-04-24T16:27:30Z
__knqdOcWTM,PLUl4u3cNGP61V4W6yRm1Am5zI94m33dXk,"MIT CMS.611J Creating Video Games, Fall 2014",22,2015-12-10T20:42:43Z
__tGxUu5BTc,PLUl4u3cNGP60gl3fdUTKRrt5t_GPx2sRg,"MIT 8.333 Statistical Mechanics I: Statistical Mechanics of Particles, Fall 2013",3,2014-12-21T17:07:48Z
_aMhpf6CK90,PL502E7BF2CF94D753,"MIT 6.013 Electromagnetics and Applications, Fall 2005",21,2008-04-10T18:52:44Z
_ax4eNMI9Dw,PLUl4u3cNGP63WbdFxL8giv4yhgdMGaZNA,6.0001 Introduction to Computer Science and Programming in Python. Fall 2016,30,2017-02-15T14:25:48Z
_ax_ViGCxLI,PL683876BE6097A1C2,"MIT 5.80 Small-Molecule Spectroscopy and Dynamics, Fall 2008",19,2009-09-09T15:26:08Z
_ayCen0j-0w,PLUl4u3cNGP63jpW5Wg3MpmJIei_PCS_03,"MIT 2.57 Nano-to-Micro Transport Processes, Spring 2012",18,2013-01-16T18:44:16Z
_bTZbn7M2Hc,PLUl4u3cNGP60Zcz8LnCDFI8RPqRhJbb4L,"MIT 8.06 Quantum Physics III, Spring 2018",3,2019-02-14T14:54:42Z
_bjy6AMn5aY,PLUl4u3cNGP63YWzCDORR965yCmHiCKF9Z,"MIT CMS.608 Game Design, Spring 2014",9,2023-02-14T15:43:59Z
_crDeSDpB20,PLUl4u3cNGP60V7HxLYRaJMbFzP77bzEjb,"MIT 14.01 Principles of Microeconomics, Fall 2023",12,2025-04-02T14:42:00Z
_d-sBKShO90,PLUl4u3cNGP62JKM25M14gy0qaHWx3QyjP,"MIT 15.031J Energy Decisions, Markets, Policies, Spring 2012",6,2013-03-29T15:06:17Z
_d27jyqzoKQ,PL75C727EA9F6A0E8B,MIT Nonlinear Finite Element Analysis,4,2011-06-11T04:03:13Z
_dZtcXCwIFw,PLUl4u3cNGP62JKM25M14gy0qaHWx3QyjP,"MIT 15.031J Energy Decisions, Markets, Policies, Spring 2012",12,2013-03-29T15:06:17Z
_dhcifVwZlA,PL69812EA7D6099DB5,MIT 11.969 Deliberative Democracy and Dispute Resolution,0,2008-05-19T15:48:11Z
_e2nDnV7FQs,PLUl4u3cNGP601Q2jo-J_3raNCMMs6Jves,"MIT 18.642 Topics in Mathematics with Applications in Finance, Fall 2024",15,2025-12-03T15:44:22Z
_eGNSuTBc60,PLUl4u3cNGP63UUkfL0onkxF6MYgVa04Fn,"MIT 15.S12 Blockchain and Money, Fall 2018",10,2020-01-23T15:50:44Z
_eiT4CEBlX8,PLUl4u3cNGP60xNyFLjBzgO8wpiAxFnnyq,Lecture Clips,6,2026-06-01T17:00:34Z
_erP4SBOXRI,PLUl4u3cNGP63UxHfpB-qh6rGkVVZNbtxo,MIT Chemistry Behind the Magic,8,2012-11-21T15:51:05Z
_fJZbeVeBxg,PLUl4u3cNGP62RGk3NhGPDaOBLH9eRmjOL,ChemLab Boot Camp,12,2012-11-20T15:11:54Z
_fWt9yHslDo,PLUl4u3cNGP63LmSVIVzy584-ZbjbJ-Y63,"MIT 7.016 Introductory Biology, Fall 2018",34,2020-05-12T15:49:46Z
_fXQ1SwKjDg,PLE18841CABEA24090,"MIT 6.001 Structure and Interpretation, 1986",6,2019-08-22T22:17:22Z
_gqsatXDIJ4,PLUl4u3cNGP61g-yRbJz4ghFPJLiok1HxX,"MIT 3.020 Thermodynamics of Materials, Spring 2021",18,2023-10-23T13:54:33Z
_hDfZF64wic,PLUl4u3cNGP60hI9ATjSFgLZpbNJ7myAg6,"MIT RES.6-012 Introduction to Probability, Spring 2018",152,2018-04-24T16:33:46Z
_hYaOtW4XY4,PLF706B428FB7BD52C,"MIT 18.085 Computational Science & Engineering I, Fall 2008",5,2009-02-25T04:23:44Z
_i0yWRrEesM,PLUl4u3cNGP63jpW5Wg3MpmJIei_PCS_03,"MIT 2.57 Nano-to-Micro Transport Processes, Spring 2012",12,2013-01-16T18:44:15Z
_iNqssktTto,PLUl4u3cNGP63Z979ri_UXXk_1zrvrF77Q,"MIT 14.13 Psychology and Economics, Spring 2020",3,2021-09-27T21:21:37Z
_iSqhxWjkq8,PLUl4u3cNGP62RsEHXe48Imi9-87FzQaJg,"MIT 5.61 Physical Chemistry, Fall 2017",18,2019-01-09T16:23:05Z
_ieUdiazvmA,PL3C69700955EB813B,"MIT 22.033 Nuclear Systems Design Project, Fall 2011",6,2012-07-24T19:05:18Z
_jKHejk45Sg,PLEA084AC2DD3CEC09,"MIT 2.71 Optics, Spring 2009",5,2011-03-17T19:56:40Z
_jPVD45YYlk,PLUl4u3cNGP60cspQn3N9dYRPiyVWDd80G,"MIT 8.04 Quantum Physics I, Spring 2016",42,2017-07-31T19:53:43Z
_jSFwF8rMdY,PLUl4u3cNGP62K9_7Pg26ytrAOXwXFpN43,"MIT 18.156 Projection Theory, Spring 2025",17,2025-11-03T14:46:07Z
_jz3HWBmruo,PLUl4u3cNGP62-vPzt_GMdZRflJPjNdspG,"MIT RES.10-S95 Physics of COVID-19 Transmission, Fall 2020",30,2021-04-08T14:30:55Z
_kKIQ1h9UuA,PLUl4u3cNGP61R5sPDPKVfcFlu95wSs2Kx,"MIT 8.03SC Physics III: Vibrations and Waves, Fall 2016",16,2018-04-18T20:47:52Z
_kx9OzsCL4I,PLUl4u3cNGP63vvR4xtexZdoPywRYIZI0-,"MIT 5.08J Biological Chemistry II, Spring 2016",10,2019-08-01T17:36:12Z
_l9y2Kv8VHw,PLUl4u3cNGP60hI9ATjSFgLZpbNJ7myAg6,"MIT RES.6-012 Introduction to Probability, Spring 2018",185,2018-04-24T16:33:46Z
_ly5LmLte50,PLUl4u3cNGP63Wy1oqQW2oD2HBdDSY8Ghi,"MIT 9.04 Sensory Systems, Fall 2013",7,2014-10-28T15:11:10Z
_m4Gvu90Ydw,PL9F0B2048DA4690AF,"MIT 7.012 Introduction to Biology, Fall 2004",0,2008-01-17T22:22:40Z
_mqFIqnCPak,PLUl4u3cNGP61qDex7XslwNJ-xxxEFzMNV,"MIT 8.01SC Classical Mechanics, Fall 2016",35,2017-06-02T18:10:12Z
_n1OOWghLPc,PL3B87AF6948F5E8F9,"MIT 3.091 Introduction to Solid State Chemistry, Fall 2004",26,2008-04-29T18:05:36Z
_naTiUQOq34,PLUl4u3cNGP61Zc3rR6wVM0kpsiyIq0fk8,"MIT 8.20 Introduction to Special Relativity, January IAP 2021",15,2021-11-08T16:20:33Z
_nbtaQtX6JA,PL21BCE50ABFF029F1,MIT 18.01SC: Homework Help for Single Variable Calculus,1,2011-01-08T04:39:23Z
_nct_bjbX6E,PLUl4u3cNGP61ALtpA6uK41vIwckUhK5u2,"How We Teach: 5.07SC Biological Chemistry I, Fall 2013",9,2017-08-22T16:38:02Z
_oKLtT7F9hg,PL2AD004D035C24F21,"MIT 6.450 Principles of Digital Communications, I Fall 2006",16,2009-04-29T17:19:20Z
_p3NpyfNp78,PLUl4u3cNGP60Zcz8LnCDFI8RPqRhJbb4L,"MIT 8.06 Quantum Physics III, Spring 2018",4,2019-02-14T14:54:42Z
_qTVDxXBK5A,PLUl4u3cNGP61RTZrT3MIAikp2G5EEvTjf,"MIT RES.9-003 Brains, Minds and Machines Summer Course, Summer 2015",56,2018-04-03T16:43:42Z
_qixt0NLc9I,PL6F914D0CF944737A,MIT Understanding Lasers and Fiberoptics,2,2012-03-21T18:59:07Z
_r7pI2_FjSg,PLUl4u3cNGP61qDex7XslwNJ-xxxEFzMNV,"MIT 8.01SC Classical Mechanics, Fall 2016",52,2017-06-02T18:11:21Z
_rU1VmnyYG0,PLUl4u3cNGP63Aq55nsHOxWyzKzohEOiDf,"MIT RES.10-001 Making Science and Engineering Pictures: A Practical Guide to Presenting Your Work, Spring 2016",34,2017-04-26T12:49:14Z
_sNtz_Z5MA4,PLUl4u3cNGP62-vPzt_GMdZRflJPjNdspG,"MIT RES.10-S95 Physics of COVID-19 Transmission, Fall 2020",20,2021-04-08T14:30:55Z
_sUVXHfUVsY,PL4E7FAAD67B171EBC,MIT RES.6-006 Video Demonstrations in Lasers and Optics,4,2012-06-15T19:06:53Z
_shuV1tJbTU,PLUl4u3cNGP60B0PQXVQyGNdCyCTDU1Q5j,"MIT 6.S897 Machine Learning for Healthcare, Spring 2019",3,2020-10-22T19:36:55Z
_svW8NV1A6k,PLUl4u3cNGP61RTZrT3MIAikp2G5EEvTjf,"MIT RES.9-003 Brains, Minds and Machines Summer Course, Summer 2015",0,2018-04-03T16:43:25Z
_tZ102Wi0hE,PLUl4u3cNGP62Ie7F_tTAhhXoX5_Cl8meG,"MIT 18.100B Real Analysis, Spring 2025",19,2025-09-02T14:18:15Z
_tdj84EV7BI,PLUl4u3cNGP611bupB7ohUYEScjWb60mWW,"MIT 3.054 Cellular Solids: Structure, Properties and Applications, Spring 2015",8,2016-10-14T17:16:54Z
_uKBaTKZa6c,PL4E7FAAD67B171EBC,MIT RES.6-006 Video Demonstrations in Lasers and Optics,15,2012-06-15T19:06:50Z
_uNWqE3LS1E,PLUl4u3cNGP629n_3fX7HmKKgin_rqGzbx,"MIT 8.962 General Relativity, Spring 2020",22,2020-08-26T14:44:37Z
_uq3aNIM-IU,PLUl4u3cNGP61xqZslNqA-MO4n6MHG2Dio,"MIT RES.ENV-001 Climate Action Hands-On: Harnessing Science with Communities to Cut Carbon, IAP 2017",2,2018-04-30T16:25:08Z
_vA3IT2KZs0,PLUl4u3cNGP61q4qJ1vdkBbiWn3AF1q5SQ,“Why This Matters” Moments: Highlights from 3.091 Intro to Solid-State Chemistry,30,2020-12-07T20:26:25Z
_vyke3vF4Nk,PL41692B571DD0AF9B,"MIT RES.6.007 Signals and Systems, 1987",3,2011-09-02T15:07:24Z
_wctRwpa6j4,PLUl4u3cNGP62xuxL4CQpy8uo2MeM4a3YD,"MIT 6.849 Geometric Folding Algorithms, Fall 2012",9,2014-08-26T13:24:19Z
_xu-p6Ffh-A,PL36EC6A6180271B0F,"MIT 3.091SC Introduction to Solid State Chemistry, Fall 2010",26,2010-12-18T04:51:05Z
_yJsO5955ZE,PLUl4u3cNGP60hI9ATjSFgLZpbNJ7myAg6,"MIT RES.6-012 Introduction to Probability, Spring 2018",55,2018-04-24T16:33:45Z
_yornlzBHL4,PLUl4u3cNGP6393Jj6WMmNd1_pOs0UDq2R,"How We Teach: MIT 8.13-14 Experimental Physics I & II “Junior Lab”, Fall 2016 - Spring 2017",23,2018-11-01T14:32:39Z
_zWgGX71Iws,PLUl4u3cNGP63CLq-GxVm4VSr-0iKAS-07,"MIT 15.390 New Enterprises, Spring 2013",4,2014-04-16T16:04:37Z
